Antoine Cabot <antoine.cabot@b-com.com>
David TARDIVEL <David.TARDIVEL@b-com.com>
David TARDIVEL <david.tardivel@b-com.com>
Etienne BESSON <Etienne.BESSON@b-com.com>
Etienne BESSON <etienne.besson@b-com.com>
Jean-Emile DARTOIS <jean-emile.dartois@b-com.com>
Jean-Émile DARTOIS <Jean-Emile.DARTOIS@b-com.com>
Patrick Lechat <patrick.lechat@b-com.com>
Rafik Harzi <Rafik.HARZI@b-com.com>
Rafik Harzi <rafik.harzi@b-com.com>
Vincent Francoise <Vincent.FRANCOISE@b-com.com>
cdion <cdion@r-lnx-deb-cdi>
cdion <christophe.dion@b-com.com>
vmahe <uvma7494@EB-OR1020549.rd.francetelecom.fr>
vmahe <vincent.mahe@b-com.com>
